Report_Date,Borough,Community_Districts,Census_Type,Adult_Family_Commercial_Hotel,Adult_Family_Shelter,Adult_Shelter,Adult_Shelter_Commercial_Hotel,Family_Cluster,Family_with_Children_Commercial_Hotel,Family_with_Children_Shelter
7/31/18,Bronx,1,Individuals,,183,219,,169,74,1206
7/31/18,Bronx,2,Individuals,,184,,,244,,960
7/31/18,Bronx,3,Individuals,,146,424,,260,280,1347
7/31/18,Bronx,4,Individuals,,,419,62,1655,,1970
7/31/18,Bronx,5,Individuals,,264,493,,925,,1045
7/31/18,Bronx,6,Individuals,,52,120,69,524,,2161
7/31/18,Bronx,7,Individuals,,96,391,,395,,320
7/31/18,Bronx,8,Individuals,,,,,,,274
7/31/18,Bronx,9,Individuals,,,101,,561,,212
7/31/18,Bronx,10,Individuals,,,,,,,575
7/31/18,Bronx,11,Individuals,,,,,,,
7/31/18,Bronx,12,Individuals,,,98,,270,,299
7/31/18,Brooklyn,1,Individuals,,164,682,,,109,
7/31/18,Brooklyn,2,Individuals,,205,386,,,,71
7/31/18,Brooklyn,3,Individuals,,,562,,242,171,647
7/31/18,Brooklyn,4,Individuals,,,364,65,60,175,811
7/31/18,Brooklyn,5,Individuals,,,849,259,2,238,819
7/31/18,Brooklyn,6,Individuals,,,97,286,,,
7/31/18,Brooklyn,7,Individuals,,,188,88,,538,13
7/31/18,Brooklyn,8,Individuals,,48,571,,40,116,518
7/31/18,Brooklyn,9,Individuals,,,362,,24,,428
7/31/18,Brooklyn,10,Individuals,,,,,,,
7/31/18,Brooklyn,11,Individuals,,,,,,,
7/31/18,Brooklyn,12,Individuals,,,,,,,164
7/31/18,Brooklyn,13,Individuals,,,,,,77,
7/31/18,Brooklyn,14,Individuals,,,,,,,98
7/31/18,Brooklyn,15,Individuals,,40,,,,,211
7/31/18,Brooklyn,16,Individuals,,,664,118,21,352,2486
7/31/18,Brooklyn,17,Individuals,,,,137,11,,796
7/31/18,Brooklyn,18,Individuals,,361,,,,,865
7/31/18,Manhattan,1,Individuals,,,,,,132,
7/31/18,Manhattan,2,Individuals,,,,,,,
7/31/18,Manhattan,3,Individuals,,,882,244,36,231,383
7/31/18,Manhattan,4,Individuals,,304,267,,,596,
7/31/18,Manhattan,5,Individuals,,260,,,,1796,324
7/31/18,Manhattan,6,Individuals,,,989,,,,
7/31/18,Manhattan,7,Individuals,,186,309,,,110,606
7/31/18,Manhattan,8,Individuals,,,78,,,,
7/31/18,Manhattan,9,Individuals,,67,,,55,,792
7/31/18,Manhattan,10,Individuals,,398,558,,46,,851
7/31/18,Manhattan,11,Individuals,,,1144,,255,,686
7/31/18,Manhattan,12,Individuals,,,289,,,120,
7/31/18,Queens,1,Individuals,,,200,,,227,335
7/31/18,Queens,2,Individuals,,106,,53,,332,230
7/31/18,Queens,3,Individuals,,,,90,,,881
7/31/18,Queens,4,Individuals,,,,135,,109,369
7/31/18,Queens,5,Individuals,,,,94,,,
7/31/18,Queens,6,Individuals,,,,,,,
7/31/18,Queens,7,Individuals,,,100,,,137,
7/31/18,Queens,8,Individuals,,,,,,,318
7/31/18,Queens,9,Individuals,,,,,,206,
7/31/18,Queens,10,Individuals,391,,174,64,,408,
7/31/18,Queens,11,Individuals,,,,,,,
7/31/18,Queens,12,Individuals,,275,357,825,,745,1049
7/31/18,Queens,13,Individuals,,,,430,,302,761
7/31/18,Queens,14,Individuals,,302,,,,166,
7/31/18,Staten Island,1,Individuals,,,,,,,141
7/31/18,Staten Island,2,Individuals,,,,,,,
7/31/18,Staten Island,3,Individuals,,,,,,,
8/31/18,Bronx,1,Individuals,,184,212,,160,76,1231
8/31/18,Bronx,2,Individuals,,188,,,266,,967
8/31/18,Bronx,3,Individuals,,154,426,,242,300,1361
8/31/18,Bronx,4,Individuals,,,431,74,1601,,1947
8/31/18,Bronx,5,Individuals,,264,492,,898,,1067
8/31/18,Bronx,6,Individuals,,84,121,80,544,,2252
8/31/18,Bronx,7,Individuals,,95,539,,409,,336
8/31/18,Bronx,8,Individuals,,,,,,,272
8/31/18,Bronx,9,Individuals,,,100,,526,,223
8/31/18,Bronx,10,Individuals,,,,,,,578
8/31/18,Bronx,11,Individuals,,,,,,,
8/31/18,Bronx,12,Individuals,,,107,,277,,300
8/31/18,Brooklyn,1,Individuals,,172,668,,,105,
8/31/18,Brooklyn,2,Individuals,,191,383,,,,72
8/31/18,Brooklyn,3,Individuals,,,558,,233,205,704
8/31/18,Brooklyn,4,Individuals,,,363,65,64,181,796
8/31/18,Brooklyn,5,Individuals,,,843,259,,238,830
8/31/18,Brooklyn,6,Individuals,,,96,278,,,
8/31/18,Brooklyn,7,Individuals,,,182,87,,554,13
8/31/18,Brooklyn,8,Individuals,,50,543,,42,126,517
8/31/18,Brooklyn,9,Individuals,,,345,,20,,438
8/31/18,Brooklyn,10,Individuals,,,,,,,
8/31/18,Brooklyn,11,Individuals,,,,,,,
8/31/18,Brooklyn,12,Individuals,,,,,,,155
8/31/18,Brooklyn,13,Individuals,,,,,,68,
8/31/18,Brooklyn,14,Individuals,,,,,,,97
8/31/18,Brooklyn,15,Individuals,,,,,,,218
8/31/18,Brooklyn,16,Individuals,,,663,120,17,374,2508
8/31/18,Brooklyn,17,Individuals,,,,133,,,820
8/31/18,Brooklyn,18,Individuals,,373,,,,,871
8/31/18,Manhattan,1,Individuals,,,,,,140,
8/31/18,Manhattan,2,Individuals,,,,,,,
8/31/18,Manhattan,3,Individuals,,,876,239,40,222,367
8/31/18,Manhattan,4,Individuals,,300,263,,,624,
8/31/18,Manhattan,5,Individuals,,281,,,,1815,335
8/31/18,Manhattan,6,Individuals,,,991,,,,
8/31/18,Manhattan,7,Individuals,,176,304,,,112,579
8/31/18,Manhattan,8,Individuals,,,80,,,,
8/31/18,Manhattan,9,Individuals,,75,,,50,,798
8/31/18,Manhattan,10,Individuals,,400,553,,50,,887
8/31/18,Manhattan,11,Individuals,,,1167,,268,,663
8/31/18,Manhattan,12,Individuals,,,286,,,121,
8/31/18,Queens,1,Individuals,,,199,,,260,351
8/31/18,Queens,2,Individuals,,204,,,,351,233
8/31/18,Queens,3,Individuals,,,,87,,,878
8/31/18,Queens,4,Individuals,,,,134,,120,321
8/31/18,Queens,5,Individuals,,,,103,,,
8/31/18,Queens,6,Individuals,,,,,,,
8/31/18,Queens,7,Individuals,,,97,,,119,
8/31/18,Queens,8,Individuals,,,,,,,321
8/31/18,Queens,9,Individuals,,,,,,227,
8/31/18,Queens,10,Individuals,395,,169,64,,435,
8/31/18,Queens,11,Individuals,,,,,,,
8/31/18,Queens,12,Individuals,,264,356,773,,811,1060
8/31/18,Queens,13,Individuals,,,,432,,327,828
8/31/18,Queens,14,Individuals,,322,,,,162,
8/31/18,Staten Island,1,Individuals,,,,,,,139
8/31/18,Staten Island,2,Individuals,,,,,,,
8/31/18,Staten Island,3,Individuals,,,,,,,
9/30/18,Bronx,1,Individuals,,172,220,,170,80,1223
9/30/18,Bronx,2,Individuals,,188,,,290,,953
9/30/18,Bronx,3,Individuals,,162,426,,270,302,1342
9/30/18,Bronx,4,Individuals,,,438,74,1617,,1984
9/30/18,Bronx,5,Individuals,,271,496,,908,,1074
9/30/18,Bronx,6,Individuals,,96,119,77,556,,2246
9/30/18,Bronx,7,Individuals,,102,615,,384,,326
9/30/18,Bronx,8,Individuals,,,,,,,265
9/30/18,Bronx,9,Individuals,,,101,,493,,232
9/30/18,Bronx,10,Individuals,,,,,,,593
9/30/18,Bronx,11,Individuals,,,,,,,
9/30/18,Bronx,12,Individuals,,,108,,275,,294
9/30/18,Brooklyn,1,Individuals,,144,684,,,107,
9/30/18,Brooklyn,2,Individuals,,208,389,,,,77
9/30/18,Brooklyn,3,Individuals,,,566,,247,197,700
9/30/18,Brooklyn,4,Individuals,,,371,66,57,179,785
9/30/18,Brooklyn,5,Individuals,,,871,258,,253,844
9/30/18,Brooklyn,6,Individuals,,,99,286,,,
9/30/18,Brooklyn,7,Individuals,,,186,88,,547,13
9/30/18,Brooklyn,8,Individuals,,60,578,,42,121,513
9/30/18,Brooklyn,9,Individuals,,,357,,22,,438
9/30/18,Brooklyn,10,Individuals,,,,,,,
9/30/18,Brooklyn,11,Individuals,,,,,,,
9/30/18,Brooklyn,12,Individuals,,,,,,,158
9/30/18,Brooklyn,13,Individuals,,,,,,72,
9/30/18,Brooklyn,14,Individuals,,,,,,,96
9/30/18,Brooklyn,15,Individuals,,,,,,,217
9/30/18,Brooklyn,16,Individuals,,,659,114,19,378,2596
9/30/18,Brooklyn,17,Individuals,,,,138,,,858
9/30/18,Brooklyn,18,Individuals,,370,,,,,882
9/30/18,Manhattan,1,Individuals,,,,,,143,
9/30/18,Manhattan,2,Individuals,,,,,,,
9/30/18,Manhattan,3,Individuals,,,898,244,37,229,369
9/30/18,Manhattan,4,Individuals,,300,266,,,622,
9/30/18,Manhattan,5,Individuals,,299,,,,1865,352
9/30/18,Manhattan,6,Individuals,,,987,,,,
9/30/18,Manhattan,7,Individuals,,172,312,,,115,583
9/30/18,Manhattan,8,Individuals,,,80,,,,
9/30/18,Manhattan,9,Individuals,,74,,,55,,779
9/30/18,Manhattan,10,Individuals,,397,566,,45,,863
9/30/18,Manhattan,11,Individuals,,,1167,,248,,666
9/30/18,Manhattan,12,Individuals,,,290,,,108,
9/30/18,Queens,1,Individuals,,,199,,,255,365
9/30/18,Queens,2,Individuals,,249,,,,472,231
9/30/18,Queens,3,Individuals,,,,87,,,845
9/30/18,Queens,4,Individuals,,,,136,,130,405
9/30/18,Queens,5,Individuals,,,,101,,,
9/30/18,Queens,6,Individuals,,,,,,,
9/30/18,Queens,7,Individuals,,,101,,,124,
9/30/18,Queens,8,Individuals,,,,,,,316
9/30/18,Queens,9,Individuals,,,,,,233,
9/30/18,Queens,10,Individuals,393,,174,63,,442,
9/30/18,Queens,11,Individuals,,,,,,,
9/30/18,Queens,12,Individuals,,268,355,850,,811,1067
9/30/18,Queens,13,Individuals,,,,425,,334,797
9/30/18,Queens,14,Individuals,,309,,,,184,
9/30/18,Staten Island,1,Individuals,,,,,,,136
9/30/18,Staten Island,2,Individuals,,,,,,,
9/30/18,Staten Island,3,Individuals,,,,,,,
10/31/18,Bronx,1,Individuals,,182,223,,173,79,1210
10/31/18,Bronx,2,Individuals,,200,,,252,,974
10/31/18,Bronx,3,Individuals,,166,429,,261,296,1363
10/31/18,Bronx,4,Individuals,,,433,76,1594,,1962
10/31/18,Bronx,5,Individuals,,269,493,,921,,1060
10/31/18,Bronx,6,Individuals,,104,124,80,553,,2293
10/31/18,Bronx,7,Individuals,,112,628,,395,,326
10/31/18,Bronx,8,Individuals,,,,,,,274
10/31/18,Bronx,9,Individuals,,,99,,500,,227
10/31/18,Bronx,10,Individuals,,,,,,,591
10/31/18,Bronx,11,Individuals,,,,,,,
10/31/18,Bronx,12,Individuals,,,108,,272,,294
10/31/18,Brooklyn,1,Individuals,,166,702,,,105,
10/31/18,Brooklyn,2,Individuals,,205,389,,,,76
10/31/18,Brooklyn,3,Individuals,,,549,,249,203,652
10/31/18,Brooklyn,4,Individuals,,,369,62,53,180,811
10/31/18,Brooklyn,5,Individuals,,,867,262,,269,858
10/31/18,Brooklyn,6,Individuals,,,100,286,,,
10/31/18,Brooklyn,7,Individuals,,,188,87,,527,13
10/31/18,Brooklyn,8,Individuals,,66,520,,37,118,517
10/31/18,Brooklyn,9,Individuals,,,359,,20,,426
10/31/18,Brooklyn,10,Individuals,,,,,,,
10/31/18,Brooklyn,11,Individuals,,,,,,,
10/31/18,Brooklyn,12,Individuals,,,,,,,155
10/31/18,Brooklyn,13,Individuals,,,,,,63,
10/31/18,Brooklyn,14,Individuals,,,,,,,96
10/31/18,Brooklyn,15,Individuals,,,,,,,213
10/31/18,Brooklyn,16,Individuals,,,650,119,23,381,2584
10/31/18,Brooklyn,17,Individuals,,,,137,,,866
10/31/18,Brooklyn,18,Individuals,,374,,,,,875
10/31/18,Manhattan,1,Individuals,,,,,,144,
10/31/18,Manhattan,2,Individuals,,,,,,,
10/31/18,Manhattan,3,Individuals,,,890,245,35,221,372
10/31/18,Manhattan,4,Individuals,,299,268,,,605,
10/31/18,Manhattan,5,Individuals,,297,,,,1900,353
10/31/18,Manhattan,6,Individuals,,,968,,,,
10/31/18,Manhattan,7,Individuals,,188,311,,,118,599
10/31/18,Manhattan,8,Individuals,,,80,,,,
10/31/18,Manhattan,9,Individuals,,74,,,55,,769
10/31/18,Manhattan,10,Individuals,,407,568,,44,,872
10/31/18,Manhattan,11,Individuals,,,1289,,244,,663
10/31/18,Manhattan,12,Individuals,,,291,,,109,
10/31/18,Queens,1,Individuals,,,200,,,258,356
10/31/18,Queens,2,Individuals,,260,,,,557,229
10/31/18,Queens,3,Individuals,,,,91,,,864
10/31/18,Queens,4,Individuals,,,,134,,119,394
10/31/18,Queens,5,Individuals,,,,109,,,
10/31/18,Queens,6,Individuals,,,,,,,
10/31/18,Queens,7,Individuals,,,100,,,146,
10/31/18,Queens,8,Individuals,,,,,,,323
10/31/18,Queens,9,Individuals,,,,,,244,
10/31/18,Queens,10,Individuals,393,,174,62,,439,
10/31/18,Queens,11,Individuals,,,,,,,
10/31/18,Queens,12,Individuals,,277,349,963,,800,1046
10/31/18,Queens,13,Individuals,,,,480,,329,826
10/31/18,Queens,14,Individuals,,289,,,,164,58
10/31/18,Staten Island,1,Individuals,,,,,,,134
10/31/18,Staten Island,2,Individuals,,,,,,,
10/31/18,Staten Island,3,Individuals,,,,,,,
11/30/18,Bronx,1,Individuals,,184,224,,169,87,1253
11/30/18,Bronx,2,Individuals,,198,,,258,,963
11/30/18,Bronx,3,Individuals,,174,416,,261,295,1393
11/30/18,Bronx,4,Individuals,,,438,74,1586,,1937
11/30/18,Bronx,5,Individuals,,279,496,,926,,1049
11/30/18,Bronx,6,Individuals,,104,112,87,532,,2253
11/30/18,Bronx,7,Individuals,,114,628,,411,,331
11/30/18,Bronx,8,Individuals,,,,,,,251
11/30/18,Bronx,9,Individuals,,,100,,509,,228
11/30/18,Bronx,10,Individuals,,,,,,,593
11/30/18,Bronx,11,Individuals,,,,,,,
11/30/18,Bronx,12,Individuals,,,108,,268,,300
11/30/18,Brooklyn,1,Individuals,,164,660,,,103,
11/30/18,Brooklyn,2,Individuals,,197,378,,,,75
11/30/18,Brooklyn,3,Individuals,,,561,,246,187,678
11/30/18,Brooklyn,4,Individuals,,,366,63,63,166,821
11/30/18,Brooklyn,5,Individuals,,,889,254,,265,862
11/30/18,Brooklyn,6,Individuals,,,99,281,,,
11/30/18,Brooklyn,7,Individuals,,,185,87,,506,13
11/30/18,Brooklyn,8,Individuals,,58,525,,40,113,512
11/30/18,Brooklyn,9,Individuals,,,360,,27,,424
11/30/18,Brooklyn,10,Individuals,,,,,,,
11/30/18,Brooklyn,11,Individuals,,,,,,,
11/30/18,Brooklyn,12,Individuals,,,,,,,156
11/30/18,Brooklyn,13,Individuals,,,,,,76,
11/30/18,Brooklyn,14,Individuals,,,,,,,97
11/30/18,Brooklyn,15,Individuals,,,,,,,224
11/30/18,Brooklyn,16,Individuals,,,661,117,24,393,2557
11/30/18,Brooklyn,17,Individuals,,,,137,,,886
11/30/18,Brooklyn,18,Individuals,,363,,,,,864
11/30/18,Manhattan,1,Individuals,,,,,,119,
11/30/18,Manhattan,2,Individuals,,,,,,,
11/30/18,Manhattan,3,Individuals,,,886,243,32,226,376
11/30/18,Manhattan,4,Individuals,,303,267,,,608,
11/30/18,Manhattan,5,Individuals,,291,,,,1841,353
11/30/18,Manhattan,6,Individuals,,,969,,,,
11/30/18,Manhattan,7,Individuals,,144,312,,,109,589
11/30/18,Manhattan,8,Individuals,,,78,,,,
11/30/18,Manhattan,9,Individuals,,76,,,52,,767
11/30/18,Manhattan,10,Individuals,,401,565,,50,,876
11/30/18,Manhattan,11,Individuals,,,1335,,260,,674
11/30/18,Manhattan,12,Individuals,,,289,,,120,
11/30/18,Queens,1,Individuals,,,198,,,237,343
11/30/18,Queens,2,Individuals,,284,,,,578,218
11/30/18,Queens,3,Individuals,,,,91,,,862
11/30/18,Queens,4,Individuals,,,,248,,114,408
11/30/18,Queens,5,Individuals,,,,110,,,
11/30/18,Queens,6,Individuals,,,,,,,
11/30/18,Queens,7,Individuals,,,101,,,142,
11/30/18,Queens,8,Individuals,,,,,,,322
11/30/18,Queens,9,Individuals,,,,,,262,
11/30/18,Queens,10,Individuals,385,,172,53,,416,
11/30/18,Queens,11,Individuals,,,,,,,
11/30/18,Queens,12,Individuals,,284,347,946,,763,1033
11/30/18,Queens,13,Individuals,,,,492,,252,822
11/30/18,Queens,14,Individuals,,318,,,,142,133
11/30/18,Staten Island,1,Individuals,,,,,,,134
11/30/18,Staten Island,2,Individuals,,,,,,,
11/30/18,Staten Island,3,Individuals,,,,,,,
12/31/18,Bronx,1,Individuals,,174,218,,174,87,1246
12/31/18,Bronx,2,Individuals,,193,,,264,,958
12/31/18,Bronx,3,Individuals,,243,369,,262,298,1404
12/31/18,Bronx,4,Individuals,,,426,76,1514,,1974
12/31/18,Bronx,5,Individuals,,279,498,,903,,1041
12/31/18,Bronx,6,Individuals,,100,113,87,522,,2260
12/31/18,Bronx,7,Individuals,,115,615,,392,,321
12/31/18,Bronx,8,Individuals,,,,,,,255
12/31/18,Bronx,9,Individuals,,,100,,489,,221
12/31/18,Bronx,10,Individuals,,,,,,,600
12/31/18,Bronx,11,Individuals,,,,,,,
12/31/18,Bronx,12,Individuals,,,107,,252,,289
12/31/18,Brooklyn,1,Individuals,,160,684,,,106,
12/31/18,Brooklyn,2,Individuals,,180,370,,,,73
12/31/18,Brooklyn,3,Individuals,,,568,,255,188,667
12/31/18,Brooklyn,4,Individuals,,,368,64,60,161,822
12/31/18,Brooklyn,5,Individuals,,,937,259,,266,840
12/31/18,Brooklyn,6,Individuals,,,100,375,,,
12/31/18,Brooklyn,7,Individuals,,,184,86,,523,10
12/31/18,Brooklyn,8,Individuals,,66,529,35,31,,513
12/31/18,Brooklyn,9,Individuals,,,360,,25,,408
12/31/18,Brooklyn,10,Individuals,,,,,,,
12/31/18,Brooklyn,11,Individuals,,,,,,,
12/31/18,Brooklyn,12,Individuals,,,,,,,155
12/31/18,Brooklyn,13,Individuals,,,,,,71,
12/31/18,Brooklyn,14,Individuals,,,,,,,96
12/31/18,Brooklyn,15,Individuals,,,,,,,221
12/31/18,Brooklyn,16,Individuals,,,652,116,24,384,2530
12/31/18,Brooklyn,17,Individuals,,,,136,,,898
12/31/18,Brooklyn,18,Individuals,,363,,,,,848
12/31/18,Manhattan,1,Individuals,,,,,,134,
12/31/18,Manhattan,2,Individuals,,,,,,,
12/31/18,Manhattan,3,Individuals,,,886,242,33,223,366
12/31/18,Manhattan,4,Individuals,,304,265,,,640,
12/31/18,Manhattan,5,Individuals,,320,,,,1861,345
12/31/18,Manhattan,6,Individuals,,,887,,,,
12/31/18,Manhattan,7,Individuals,,26,310,,,112,597
12/31/18,Manhattan,8,Individuals,,,79,,,,
12/31/18,Manhattan,9,Individuals,,78,,,52,,761
12/31/18,Manhattan,10,Individuals,,411,564,,50,,869
12/31/18,Manhattan,11,Individuals,,,1349,,268,,672
12/31/18,Manhattan,12,Individuals,,,285,,,119,
12/31/18,Queens,1,Individuals,,,192,,,213,360
12/31/18,Queens,2,Individuals,,311,,,,573,238
12/31/18,Queens,3,Individuals,,,,90,,,846
12/31/18,Queens,4,Individuals,,,,129,,113,385
12/31/18,Queens,5,Individuals,,,,110,,,
12/31/18,Queens,6,Individuals,,,,,,,
12/31/18,Queens,7,Individuals,,,101,,,136,
12/31/18,Queens,8,Individuals,,,,,,,322
12/31/18,Queens,9,Individuals,,,,,,259,
12/31/18,Queens,10,Individuals,364,,172,61,,422,
12/31/18,Queens,11,Individuals,,,,,,,
12/31/18,Queens,12,Individuals,,284,349,966,,787,1035
12/31/18,Queens,13,Individuals,,,,556,,242,826
12/31/18,Queens,14,Individuals,,315,,,,125,155
12/31/18,Staten Island,1,Individuals,,,,,,,137
12/31/18,Staten Island,2,Individuals,,,,,,,
12/31/18,Staten Island,3,Individuals,,,,,,,
1/31/19,Bronx,1,Individuals,,177,220,,172,84,1271
1/31/19,Bronx,2,Individuals,,198,,,249,,901
1/31/19,Bronx,3,Individuals,,252,392,,196,292,1412
1/31/19,Bronx,4,Individuals,,,425,76,1502,,1969
1/31/19,Bronx,5,Individuals,,275,497,,913,,1056
1/31/19,Bronx,6,Individuals,,102,124,90,507,,2318
1/31/19,Bronx,7,Individuals,,111,627,,368,,326
1/31/19,Bronx,8,Individuals,,,,,,,246
1/31/19,Bronx,9,Individuals,,,101,,505,,226
1/31/19,Bronx,10,Individuals,,,,,,,596
1/31/19,Bronx,11,Individuals,,,,,,,
1/31/19,Bronx,12,Individuals,,,108,,177,,292
1/31/19,Brooklyn,1,Individuals,,155,691,,,99,
1/31/19,Brooklyn,2,Individuals,,192,379,,,,72
1/31/19,Brooklyn,3,Individuals,,,567,,258,211,677
1/31/19,Brooklyn,4,Individuals,,,369,63,67,174,834
1/31/19,Brooklyn,5,Individuals,,,983,258,,270,847
1/31/19,Brooklyn,6,Individuals,,,100,429,,,
1/31/19,Brooklyn,7,Individuals,,,181,103,,534,12
1/31/19,Brooklyn,8,Individuals,,64,576,83,31,,514
1/31/19,Brooklyn,9,Individuals,,,358,,23,,415
1/31/19,Brooklyn,10,Individuals,,,,,,,
1/31/19,Brooklyn,11,Individuals,,,,,,,
1/31/19,Brooklyn,12,Individuals,,,,,,,150
1/31/19,Brooklyn,13,Individuals,,,,,,74,
1/31/19,Brooklyn,14,Individuals,,,,,,,98
1/31/19,Brooklyn,15,Individuals,,,,,,,213
1/31/19,Brooklyn,16,Individuals,,,664,117,24,397,2556
1/31/19,Brooklyn,17,Individuals,,,,138,,,904
1/31/19,Brooklyn,18,Individuals,,365,,,,,867
1/31/19,Manhattan,1,Individuals,,,,,,145,
1/31/19,Manhattan,2,Individuals,,,,,,,
1/31/19,Manhattan,3,Individuals,,,877,242,33,226,375
1/31/19,Manhattan,4,Individuals,,,265,,,649,
1/31/19,Manhattan,5,Individuals,,308,,,,2055,357
1/31/19,Manhattan,6,Individuals,,322,930,,,,
1/31/19,Manhattan,7,Individuals,,,311,,,113,588
1/31/19,Manhattan,8,Individuals,,34,79,,,,
1/31/19,Manhattan,9,Individuals,,,,,54,2,791
1/31/19,Manhattan,10,Individuals,,78,559,,49,,841
1/31/19,Manhattan,11,Individuals,,411,1370,,280,,670
1/31/19,Manhattan,12,Individuals,,,292,,,113,
1/31/19,Queens,1,Individuals,,,199,,,268,393
1/31/19,Queens,2,Individuals,,301,,,,585,234
1/31/19,Queens,3,Individuals,,,,89,,,850
1/31/19,Queens,4,Individuals,,,,157,,124,411
1/31/19,Queens,5,Individuals,,,,110,,,
1/31/19,Queens,6,Individuals,,,,,,,
1/31/19,Queens,7,Individuals,,,100,,,156,
1/31/19,Queens,8,Individuals,,,,,,,325
1/31/19,Queens,9,Individuals,,,,,,158,
1/31/19,Queens,10,Individuals,369,,174,63,,434,
1/31/19,Queens,11,Individuals,,,,,,,
1/31/19,Queens,12,Individuals,,282,344,1053,,668,1022
1/31/19,Queens,13,Individuals,,,,566,,243,829
1/31/19,Queens,14,Individuals,,304,,,,160,163
1/31/19,Staten Island,1,Individuals,,,,,,,142
1/31/19,Staten Island,2,Individuals,,,,,,,
1/31/19,Staten Island,3,Individuals,,,,,,,
4/30/19,Bronx,1,Individuals,,179,214,,167,87,1271
4/30/19,Bronx,2,Individuals,,185,,,236,,786
4/30/19,Bronx,3,Individuals,,283,455,,144,279,1379
4/30/19,Bronx,4,Individuals,,,440,76,1357,,1975
4/30/19,Bronx,5,Individuals,,273,493,,894,,1056
4/30/19,Bronx,6,Individuals,,84,125,89,404,,2212
4/30/19,Bronx,7,Individuals,,111,623,,240,,312
4/30/19,Bronx,8,Individuals,,,,,,,250
4/30/19,Bronx,9,Individuals,,,101,,475,,219
4/30/19,Bronx,10,Individuals,,,,,,,598
4/30/19,Bronx,11,Individuals,,,,,,,
4/30/19,Bronx,12,Individuals,,,105,,,,277
4/30/19,Brooklyn,1,Individuals,,152,673,,,91,
4/30/19,Brooklyn,2,Individuals,,189,383,,,,76
4/30/19,Brooklyn,3,Individuals,,,569,,245,187,670
4/30/19,Brooklyn,4,Individuals,,,362,61,52,159,828
4/30/19,Brooklyn,5,Individuals,,,925,256,,261,856
4/30/19,Brooklyn,6,Individuals,,,100,427,,,
4/30/19,Brooklyn,7,Individuals,,,189,101,,470,12
4/30/19,Brooklyn,8,Individuals,,66,493,90,,,502
4/30/19,Brooklyn,9,Individuals,,,366,,,,414
4/30/19,Brooklyn,10,Individuals,,,,,,,
4/30/19,Brooklyn,11,Individuals,,,,,,,
4/30/19,Brooklyn,12,Individuals,,,,,,,146
4/30/19,Brooklyn,13,Individuals,,,,,,79,
4/30/19,Brooklyn,14,Individuals,,,,,,,96
4/30/19,Brooklyn,15,Individuals,,,,,,,207
4/30/19,Brooklyn,16,Individuals,,,658,114,,377,2543
4/30/19,Brooklyn,17,Individuals,,,,135,,,892
4/30/19,Brooklyn,18,Individuals,,367,,,,,835
4/30/19,Manhattan,1,Individuals,,,,,,138,
4/30/19,Manhattan,2,Individuals,,,,,,,
4/30/19,Manhattan,3,Individuals,,,906,233,31,163,370
4/30/19,Manhattan,4,Individuals,,299,265,,,601,
4/30/19,Manhattan,5,Individuals,,311,,,,1710,349
4/30/19,Manhattan,6,Individuals,,,952,,,,
4/30/19,Manhattan,7,Individuals,,96,212,,,,610
4/30/19,Manhattan,8,Individuals,,,80,,,,
4/30/19,Manhattan,9,Individuals,,81,,,55,,754
4/30/19,Manhattan,10,Individuals,,403,553,,53,,825
4/30/19,Manhattan,11,Individuals,,,1375,,267,,684
4/30/19,Manhattan,12,Individuals,,,289,,,111,
4/30/19,Queens,1,Individuals,,,193,,,222,377
4/30/19,Queens,2,Individuals,,261,,,,547,237
4/30/19,Queens,3,Individuals,,,,90,,,835
4/30/19,Queens,4,Individuals,,,,160,,80,396
4/30/19,Queens,5,Individuals,,,,110,,,
4/30/19,Queens,6,Individuals,,,,,,,
4/30/19,Queens,7,Individuals,,,99,,,124,
4/30/19,Queens,8,Individuals,,,,,,,313
4/30/19,Queens,9,Individuals,,,75,,,,
4/30/19,Queens,10,Individuals,342,,274,60,,390,
4/30/19,Queens,11,Individuals,,,,,,,
4/30/19,Queens,12,Individuals,,276,332,1089,,602,1040
4/30/19,Queens,13,Individuals,,,,554,,222,781
4/30/19,Queens,14,Individuals,,285,,,,142,165
4/30/19,Staten Island,1,Individuals,,,,,,,135
4/30/19,Staten Island,2,Individuals,,,,,,,
4/30/19,Staten Island,3,Individuals,,,,,,,
5/31/19,Bronx,1,Individuals,,179,217,,169,76,1276
5/31/19,Bronx,2,Individuals,,184,,,250,,787
5/31/19,Bronx,3,Individuals,,312,472,,143,277,1360
5/31/19,Bronx,4,Individuals,,,412,74,1194,,2105
5/31/19,Bronx,5,Individuals,,247,493,,893,,1059
5/31/19,Bronx,6,Individuals,,88,99,91,403,,2260
5/31/19,Bronx,7,Individuals,,114,616,,256,,319
5/31/19,Bronx,8,Individuals,,,,,,,247
5/31/19,Bronx,9,Individuals,,,100,,463,,213
5/31/19,Bronx,10,Individuals,,,,,,,603
5/31/19,Bronx,11,Individuals,,,,,,,
5/31/19,Bronx,12,Individuals,,,106,,,,287
5/31/19,Brooklyn,1,Individuals,,125,649,,,75,
5/31/19,Brooklyn,2,Individuals,,194,375,,,,72
5/31/19,Brooklyn,3,Individuals,,,545,,244,176,655
5/31/19,Brooklyn,4,Individuals,,,359,57,60,161,838
5/31/19,Brooklyn,5,Individuals,,,869,249,,264,860
5/31/19,Brooklyn,6,Individuals,,,97,422,,,
5/31/19,Brooklyn,7,Individuals,,,181,99,,478,10
5/31/19,Brooklyn,8,Individuals,,64,495,86,,,515
5/31/19,Brooklyn,9,Individuals,,,358,,,,422
5/31/19,Brooklyn,10,Individuals,,,,,,,
5/31/19,Brooklyn,11,Individuals,,,,,,,
5/31/19,Brooklyn,12,Individuals,,,,,,,118
5/31/19,Brooklyn,13,Individuals,,,,,,87,
5/31/19,Brooklyn,14,Individuals,,,,,,,89
5/31/19,Brooklyn,15,Individuals,,,,,,,214
5/31/19,Brooklyn,16,Individuals,,,656,107,,334,2498
5/31/19,Brooklyn,17,Individuals,,,,135,,,890
5/31/19,Brooklyn,18,Individuals,,356,,,,,830
5/31/19,Manhattan,1,Individuals,,,,,,127,
5/31/19,Manhattan,2,Individuals,,,,,,,
5/31/19,Manhattan,3,Individuals,,,862,224,32,148,376
5/31/19,Manhattan,4,Individuals,,290,265,,,576,
5/31/19,Manhattan,5,Individuals,,297,,,,1619,341
5/31/19,Manhattan,6,Individuals,,,859,,,,
5/31/19,Manhattan,7,Individuals,,224,212,,,,614
5/31/19,Manhattan,8,Individuals,,,79,,,,
5/31/19,Manhattan,9,Individuals,,50,,,55,,773
5/31/19,Manhattan,10,Individuals,,412,560,,44,,834
5/31/19,Manhattan,11,Individuals,,,1260,,267,,666
5/31/19,Manhattan,12,Individuals,,,285,,,112,
5/31/19,Queens,1,Individuals,,,197,,,187,363
5/31/19,Queens,2,Individuals,,290,,,,466,227
5/31/19,Queens,3,Individuals,,,,89,,,822
5/31/19,Queens,4,Individuals,,,,163,,71,386
5/31/19,Queens,5,Individuals,,,,108,,,
5/31/19,Queens,6,Individuals,,,,,,,
5/31/19,Queens,7,Individuals,,,101,,,122,
5/31/19,Queens,8,Individuals,,,,,,,310
5/31/19,Queens,9,Individuals,,,93,,,,
5/31/19,Queens,10,Individuals,319,,269,58,,359,
5/31/19,Queens,11,Individuals,,,,,,,
5/31/19,Queens,12,Individuals,,276,327,1056,,573,1006
5/31/19,Queens,13,Individuals,,,,554,,221,814
5/31/19,Queens,14,Individuals,,294,,,,132,179
5/31/19,Staten Island,1,Individuals,,,,,,,127
5/31/19,Staten Island,2,Individuals,,,,,,,
5/31/19,Staten Island,3,Individuals,,,,,,,
6/30/19,Bronx,1,Individuals,,183,217,,165,66,1256
6/30/19,Bronx,2,Individuals,,199,,,244,,795
6/30/19,Bronx,3,Individuals,,316,460,,145,278,1383
6/30/19,Bronx,4,Individuals,,,433,71,1222,,2086
6/30/19,Bronx,5,Individuals,,245,495,,901,,1089
6/30/19,Bronx,6,Individuals,,84,91,84,379,,2273
6/30/19,Bronx,7,Individuals,,111,614,,264,,316
6/30/19,Bronx,8,Individuals,,,,,,,264
6/30/19,Bronx,9,Individuals,,,101,,490,,209
6/30/19,Bronx,10,Individuals,,,,,,,598
6/30/19,Bronx,11,Individuals,,,,,,,
6/30/19,Bronx,12,Individuals,,,106,,,,284
6/30/19,Brooklyn,1,Individuals,,155,635,,,82,
6/30/19,Brooklyn,2,Individuals,,166,375,,,,71
6/30/19,Brooklyn,3,Individuals,,,561,,244,177,652
6/30/19,Brooklyn,4,Individuals,,,367,60,56,153,828
6/30/19,Brooklyn,5,Individuals,,,891,243,,237,807
6/30/19,Brooklyn,6,Individuals,,,94,420,,,
6/30/19,Brooklyn,7,Individuals,,,185,100,,475,10
6/30/19,Brooklyn,8,Individuals,,62,435,90,,,461
6/30/19,Brooklyn,9,Individuals,,,355,,,,417
6/30/19,Brooklyn,10,Individuals,,,,,,,
6/30/19,Brooklyn,11,Individuals,,,,,,,
6/30/19,Brooklyn,12,Individuals,,,,,,,120
6/30/19,Brooklyn,13,Individuals,,,,,,117,
6/30/19,Brooklyn,14,Individuals,,,,,,,97
6/30/19,Brooklyn,15,Individuals,,,,,,,209
6/30/19,Brooklyn,16,Individuals,,,653,105,,352,2542
6/30/19,Brooklyn,17,Individuals,,,,136,,,882
6/30/19,Brooklyn,18,Individuals,,361,,,,,831
6/30/19,Manhattan,1,Individuals,,,,,,128,
6/30/19,Manhattan,2,Individuals,,,,,,,
6/30/19,Manhattan,3,Individuals,,,891,234,36,152,387
6/30/19,Manhattan,4,Individuals,,249,261,,,564,
6/30/19,Manhattan,5,Individuals,,330,,,,1712,346
6/30/19,Manhattan,6,Individuals,,,856,,,,
6/30/19,Manhattan,7,Individuals,,195,311,,,,588
6/30/19,Manhattan,8,Individuals,,,79,,,,
6/30/19,Manhattan,9,Individuals,,45,,,50,,766
6/30/19,Manhattan,10,Individuals,,394,558,,42,,861
6/30/19,Manhattan,11,Individuals,,,1335,,270,,633
6/30/19,Manhattan,12,Individuals,,,282,,,93,
6/30/19,Queens,1,Individuals,,,197,,,187,378
6/30/19,Queens,2,Individuals,,302,,,,494,217
6/30/19,Queens,3,Individuals,,,,82,,,858
6/30/19,Queens,4,Individuals,,,,164,,76,378
6/30/19,Queens,5,Individuals,,,,62,,,
6/30/19,Queens,6,Individuals,,,,,,,
6/30/19,Queens,7,Individuals,,,98,,,128,
6/30/19,Queens,8,Individuals,,,,,,,309
6/30/19,Queens,9,Individuals,,,92,,,,
6/30/19,Queens,10,Individuals,317,,168,60,,341,
6/30/19,Queens,11,Individuals,,,,,,,
6/30/19,Queens,12,Individuals,,280,332,1076,,541,1003
6/30/19,Queens,13,Individuals,,,,550,,198,824
6/30/19,Queens,14,Individuals,,320,,,,128,180
6/30/19,Staten Island,1,Individuals,,,,,,,136
6/30/19,Staten Island,2,Individuals,,,,,,,
6/30/19,Staten Island,3,Individuals,,,,,,,
8/31/19,Bronx,1,Individuals,,180,220,,167,77,1269
8/31/19,Bronx,2,Individuals,,196,,,248,,802
8/31/19,Bronx,3,Individuals,,332,518,,151,282,1386
8/31/19,Bronx,4,Individuals,,,439,73,1207,,2031
8/31/19,Bronx,5,Individuals,,240,496,,888,,1084
8/31/19,Bronx,6,Individuals,,64,108,86,335,,2253
8/31/19,Bronx,7,Individuals,,109,622,,254,,313
8/31/19,Bronx,8,Individuals,,,,,,,245
8/31/19,Bronx,9,Individuals,,,101,,465,,217
8/31/19,Bronx,10,Individuals,,,,,,,581
8/31/19,Bronx,11,Individuals,,,,,,,
8/31/19,Bronx,12,Individuals,,,105,,,,281
8/31/19,Brooklyn,1,Individuals,,158,668,,,103,
8/31/19,Brooklyn,2,Individuals,,193,377,,,,64
8/31/19,Brooklyn,3,Individuals,,,564,,238,201,645
8/31/19,Brooklyn,4,Individuals,,,391,55,63,161,836
8/31/19,Brooklyn,5,Individuals,,,920,246,,269,832
8/31/19,Brooklyn,6,Individuals,,,97,419,,,
8/31/19,Brooklyn,7,Individuals,,,187,99,,579,10
8/31/19,Brooklyn,8,Individuals,,56,464,85,,,494
8/31/19,Brooklyn,9,Individuals,,,360,,,,428
8/31/19,Brooklyn,10,Individuals,,,,,,,
8/31/19,Brooklyn,11,Individuals,,,,,,,
8/31/19,Brooklyn,12,Individuals,,,23,,,,127
8/31/19,Brooklyn,13,Individuals,,,,,,129,
8/31/19,Brooklyn,14,Individuals,,,,,,,99
8/31/19,Brooklyn,15,Individuals,,,,,,,206
8/31/19,Brooklyn,16,Individuals,,,650,104,,388,2567
8/31/19,Brooklyn,17,Individuals,,,,134,,,878
8/31/19,Brooklyn,18,Individuals,,363,,,,,844
8/31/19,Manhattan,1,Individuals,,,,,,133,
8/31/19,Manhattan,2,Individuals,,,,,,,
8/31/19,Manhattan,3,Individuals,,,765,238,32,141,361
8/31/19,Manhattan,4,Individuals,,255,305,,,617,
8/31/19,Manhattan,5,Individuals,,325,,,,1967,335
8/31/19,Manhattan,6,Individuals,,,807,,,,
8/31/19,Manhattan,7,Individuals,,194,309,,,,601
8/31/19,Manhattan,8,Individuals,,,80,,,,
8/31/19,Manhattan,9,Individuals,,,,,51,,774
8/31/19,Manhattan,10,Individuals,,376,554,,55,,836
8/31/19,Manhattan,11,Individuals,,,1350,,272,,647
8/31/19,Manhattan,12,Individuals,,,284,,,118,
8/31/19,Queens,1,Individuals,,,200,,,256,383
8/31/19,Queens,2,Individuals,,258,,,,602,235
8/31/19,Queens,3,Individuals,,,,84,,,842
8/31/19,Queens,4,Individuals,,,,164,,107,446
8/31/19,Queens,5,Individuals,,,,,,,
8/31/19,Queens,6,Individuals,,,,,,,
8/31/19,Queens,7,Individuals,,,97,,,140,
8/31/19,Queens,8,Individuals,,,,,,,306
8/31/19,Queens,9,Individuals,,,107,,,,
8/31/19,Queens,10,Individuals,332,,163,58,,442,
8/31/19,Queens,11,Individuals,,,,,,,
8/31/19,Queens,12,Individuals,,269,341,1059,,477,1046
8/31/19,Queens,13,Individuals,,,,558,,254,846
8/31/19,Queens,14,Individuals,,311,,,,185,179
8/31/19,Staten Island,1,Individuals,,,,,,,139
8/31/19,Staten Island,2,Individuals,,,,,,,
8/31/19,Staten Island,3,Individuals,,,,,,,
9/30/19,Bronx,1,Individuals,,187,222,,159,84,1264
9/30/19,Bronx,2,Individuals,,197,,,229,,811
9/30/19,Bronx,3,Individuals,,338,588,,150,276,1389
9/30/19,Bronx,4,Individuals,,,425,72,1065,,2044
9/30/19,Bronx,5,Individuals,,238,494,,913,,1089
9/30/19,Bronx,6,Individuals,,94,127,93,355,,2312
9/30/19,Bronx,7,Individuals,,110,627,,263,,311
9/30/19,Bronx,8,Individuals,,,,,,,246
9/30/19,Bronx,9,Individuals,,,99,,468,,223
9/30/19,Bronx,10,Individuals,,,,,,,585
9/30/19,Bronx,11,Individuals,,,,,,,
9/30/19,Bronx,12,Individuals,,,107,,,,279
9/30/19,Brooklyn,1,Individuals,,166,657,,,93,
9/30/19,Brooklyn,2,Individuals,,186,375,,,,70
9/30/19,Brooklyn,3,Individuals,,,570,,244,205,665
9/30/19,Brooklyn,4,Individuals,,,403,57,60,174,840
9/30/19,Brooklyn,5,Individuals,,,934,238,,271,854
9/30/19,Brooklyn,6,Individuals,,,99,418,,,
9/30/19,Brooklyn,7,Individuals,,,185,96,,612,13
9/30/19,Brooklyn,8,Individuals,,64,518,89,,,502
9/30/19,Brooklyn,9,Individuals,,,359,,,,440
9/30/19,Brooklyn,10,Individuals,,,,,,,
9/30/19,Brooklyn,11,Individuals,,,,,,,
9/30/19,Brooklyn,12,Individuals,,,85,,,,127
9/30/19,Brooklyn,13,Individuals,,,,,,135,
9/30/19,Brooklyn,14,Individuals,,,,,,,96
9/30/19,Brooklyn,15,Individuals,,,,,,,204
9/30/19,Brooklyn,16,Individuals,,,664,111,,389,2549
9/30/19,Brooklyn,17,Individuals,,,,134,,,882
9/30/19,Brooklyn,18,Individuals,,364,,,,,844
9/30/19,Manhattan,1,Individuals,,,,,,143,
9/30/19,Manhattan,2,Individuals,,,,,,,
9/30/19,Manhattan,3,Individuals,,,787,238,32,146,368
9/30/19,Manhattan,4,Individuals,,145,342,,,630,
9/30/19,Manhattan,5,Individuals,,320,,,,2046,347
9/30/19,Manhattan,6,Individuals,,,845,,,,
9/30/19,Manhattan,7,Individuals,,198,307,,,,620
9/30/19,Manhattan,8,Individuals,,,76,,,,
9/30/19,Manhattan,9,Individuals,,,,,53,,800
9/30/19,Manhattan,10,Individuals,,398,563,,52,,847
9/30/19,Manhattan,11,Individuals,,,1366,,280,,663
9/30/19,Manhattan,12,Individuals,,,286,,,121,
9/30/19,Queens,1,Individuals,,,200,,,249,386
9/30/19,Queens,2,Individuals,,296,,,,613,220
9/30/19,Queens,3,Individuals,,,,90,,,889
9/30/19,Queens,4,Individuals,,,,158,,122,512
9/30/19,Queens,5,Individuals,,,,,,,
9/30/19,Queens,6,Individuals,,,,,,,
9/30/19,Queens,7,Individuals,,,99,,,151,
9/30/19,Queens,8,Individuals,,,,,,,320
9/30/19,Queens,9,Individuals,,,109,,,,
9/30/19,Queens,10,Individuals,327,,165,55,,453,
9/30/19,Queens,11,Individuals,,,,,,,
9/30/19,Queens,12,Individuals,,274,336,1039,,411,1144
9/30/19,Queens,13,Individuals,,,,550,,251,846
9/30/19,Queens,14,Individuals,,313,,,,202,180
9/30/19,Staten Island,1,Individuals,,,,,,,142
9/30/19,Staten Island,2,Individuals,,,,,,,
9/30/19,Staten Island,3,Individuals,,,,,,,
10/31/19,Bronx,1,Individuals,,188,218,,166,90,1251
10/31/19,Bronx,2,Individuals,,191,,,250,,815
10/31/19,Bronx,3,Individuals,,340,604,,153,289,1395
10/31/19,Bronx,4,Individuals,,,436,76,1079,,2054
10/31/19,Bronx,5,Individuals,,248,493,,897,,1102
10/31/19,Bronx,6,Individuals,,109,115,90,348,,2245
10/31/19,Bronx,7,Individuals,,114,622,,275,,324
10/31/19,Bronx,8,Individuals,,,,,,,251
10/31/19,Bronx,9,Individuals,,,101,,469,,233
10/31/19,Bronx,10,Individuals,,,,,,,593
10/31/19,Bronx,11,Individuals,,,,,,,
10/31/19,Bronx,12,Individuals,,,106,,,,255
10/31/19,Brooklyn,1,Individuals,,163,708,,,96,
10/31/19,Brooklyn,2,Individuals,,183,377,,,,71
10/31/19,Brooklyn,3,Individuals,,,561,,254,214,668
10/31/19,Brooklyn,4,Individuals,,,398,60,65,173,849
10/31/19,Brooklyn,5,Individuals,,,946,248,,266,835
10/31/19,Brooklyn,6,Individuals,,,96,417,,,
10/31/19,Brooklyn,7,Individuals,,,189,100,,646,13
10/31/19,Brooklyn,8,Individuals,,68,511,90,,,497
10/31/19,Brooklyn,9,Individuals,,,357,,,,443
10/31/19,Brooklyn,10,Individuals,,,,,,,
10/31/19,Brooklyn,11,Individuals,,,,,,,
10/31/19,Brooklyn,12,Individuals,,,123,,,,129
10/31/19,Brooklyn,13,Individuals,,,,,,140,
10/31/19,Brooklyn,14,Individuals,,,,,,,98
10/31/19,Brooklyn,15,Individuals,,,,,,,204
10/31/19,Brooklyn,16,Individuals,,,660,110,,386,2554
10/31/19,Brooklyn,17,Individuals,,,,135,,,863
10/31/19,Brooklyn,18,Individuals,,367,,,,,837
10/31/19,Manhattan,1,Individuals,,,,,,144,
10/31/19,Manhattan,2,Individuals,,,,,,,
10/31/19,Manhattan,3,Individuals,,,779,237,39,153,380
10/31/19,Manhattan,4,Individuals,,90,378,,,642,
10/31/19,Manhattan,5,Individuals,,317,,,,2100,359
10/31/19,Manhattan,6,Individuals,,,865,,,,
10/31/19,Manhattan,7,Individuals,,212,192,,,,611
10/31/19,Manhattan,8,Individuals,,,80,,,,
10/31/19,Manhattan,9,Individuals,,,,,55,,785
10/31/19,Manhattan,10,Individuals,,408,553,,55,,854
10/31/19,Manhattan,11,Individuals,,,1349,,260,,678
10/31/19,Manhattan,12,Individuals,,,284,,,120,
10/31/19,Queens,1,Individuals,,,198,,,259,377
10/31/19,Queens,2,Individuals,,314,,,,623,240
10/31/19,Queens,3,Individuals,,,,86,,,878
10/31/19,Queens,4,Individuals,,,,162,,123,515
10/31/19,Queens,5,Individuals,,,,,,,
10/31/19,Queens,6,Individuals,,,,,,,
10/31/19,Queens,7,Individuals,,,126,,,156,
10/31/19,Queens,8,Individuals,,,,,,,314
10/31/19,Queens,9,Individuals,,,109,,,,
10/31/19,Queens,10,Individuals,359,,174,59,,453,
10/31/19,Queens,11,Individuals,,,,,,,
10/31/19,Queens,12,Individuals,,283,350,1080,,403,1144
10/31/19,Queens,13,Individuals,,,,561,,243,838
10/31/19,Queens,14,Individuals,,330,,,,206,172
10/31/19,Staten Island,1,Individuals,,,,,,,135
10/31/19,Staten Island,2,Individuals,,,,,,,
10/31/19,Staten Island,3,Individuals,,,,,,,
11/30/19,Bronx,1,Individuals,,189,219,,147,84,1254
11/30/19,Bronx,2,Individuals,,194,,,244,,824
11/30/19,Bronx,3,Individuals,,338,551,,142,293,1463
11/30/19,Bronx,4,Individuals,,,437,76,1108,,2051
11/30/19,Bronx,5,Individuals,,246,493,,927,,1114
11/30/19,Bronx,6,Individuals,,108,106,93,336,,2300
11/30/19,Bronx,7,Individuals,,112,623,,275,,325
11/30/19,Bronx,8,Individuals,,,,,,,258
11/30/19,Bronx,9,Individuals,,,101,,485,,189
11/30/19,Bronx,10,Individuals,,,,,,,578
11/30/19,Bronx,11,Individuals,,,,,,,
11/30/19,Bronx,12,Individuals,,,107,,,,274
11/30/19,Brooklyn,1,Individuals,,152,679,,,95,
11/30/19,Brooklyn,2,Individuals,,184,377,,,,70
11/30/19,Brooklyn,3,Individuals,,,570,,243,211,638
11/30/19,Brooklyn,4,Individuals,,,398,62,66,173,864
11/30/19,Brooklyn,5,Individuals,,,951,252,,262,861
11/30/19,Brooklyn,6,Individuals,,,99,421,,,
11/30/19,Brooklyn,7,Individuals,,,186,96,,634,
11/30/19,Brooklyn,8,Individuals,,64,546,89,,,492
11/30/19,Brooklyn,9,Individuals,,,355,,,,433
11/30/19,Brooklyn,10,Individuals,,,,,,,
11/30/19,Brooklyn,11,Individuals,,,,,,,
11/30/19,Brooklyn,12,Individuals,,,128,,,,132
11/30/19,Brooklyn,13,Individuals,,,,,,139,
11/30/19,Brooklyn,14,Individuals,,,,,,,97
11/30/19,Brooklyn,15,Individuals,,,,,,,213
11/30/19,Brooklyn,16,Individuals,,,654,113,,409,2570
11/30/19,Brooklyn,17,Individuals,,,,135,,,714
11/30/19,Brooklyn,18,Individuals,,361,,,,,850
11/30/19,Manhattan,1,Individuals,,,,,,144,
11/30/19,Manhattan,2,Individuals,,,,,,,
11/30/19,Manhattan,3,Individuals,,,747,237,37,159,360
11/30/19,Manhattan,4,Individuals,,76,386,,,650,
11/30/19,Manhattan,5,Individuals,,329,,,,2100,340
11/30/19,Manhattan,6,Individuals,,,908,,,,
11/30/19,Manhattan,7,Individuals,,214,250,,,,632
11/30/19,Manhattan,8,Individuals,,,78,,,,
11/30/19,Manhattan,9,Individuals,,,,,39,,787
11/30/19,Manhattan,10,Individuals,,396,559,,39,,857
11/30/19,Manhattan,11,Individuals,,,1345,,212,,662
11/30/19,Manhattan,12,Individuals,,,321,,,119,
11/30/19,Queens,1,Individuals,,,200,,,242,368
11/30/19,Queens,2,Individuals,,314,,,,623,227
11/30/19,Queens,3,Individuals,,,,85,,,868
11/30/19,Queens,4,Individuals,,,,160,,111,506
11/30/19,Queens,5,Individuals,,,,,,,
11/30/19,Queens,6,Individuals,,,,,,,
11/30/19,Queens,7,Individuals,,,175,,,147,
11/30/19,Queens,8,Individuals,,,,,,,311
11/30/19,Queens,9,Individuals,,,112,,,,
11/30/19,Queens,10,Individuals,342,,171,58,,445,
11/30/19,Queens,11,Individuals,,,,,,,
11/30/19,Queens,12,Individuals,,275,347,1072,,400,1187
11/30/19,Queens,13,Individuals,,,,554,,248,854
11/30/19,Queens,14,Individuals,,306,,,,214,172
11/30/19,Staten Island,1,Individuals,,,,,,,130
11/30/19,Staten Island,2,Individuals,,,,,,,
11/30/19,Staten Island,3,Individuals,,,,,,,
12/31/19,Bronx,1,Individuals,,188,216,,114,84,1234
12/31/19,Bronx,2,Individuals,,187,,,237,,828
12/31/19,Bronx,3,Individuals,,334,585,,144,296,1473
12/31/19,Bronx,4,Individuals,,,428,66,1078,,2014
12/31/19,Bronx,5,Individuals,,246,487,,909,,1163
12/31/19,Bronx,6,Individuals,,105,102,93,283,,2253
12/31/19,Bronx,7,Individuals,,112,619,,272,,327
12/31/19,Bronx,8,Individuals,,,,,,,253
12/31/19,Bronx,9,Individuals,,,101,,464,,189
12/31/19,Bronx,10,Individuals,,,,,,,587
12/31/19,Bronx,11,Individuals,,,,,,,
12/31/19,Bronx,12,Individuals,,,103,,,,276
12/31/19,Brooklyn,1,Individuals,,160,670,,,95,
12/31/19,Brooklyn,2,Individuals,,210,372,,,,64
12/31/19,Brooklyn,3,Individuals,,,444,,235,213,613
12/31/19,Brooklyn,4,Individuals,,,397,53,69,162,854
12/31/19,Brooklyn,5,Individuals,,,910,242,,248,835
12/31/19,Brooklyn,6,Individuals,,,92,420,,,
12/31/19,Brooklyn,7,Individuals,,,176,99,,617,
12/31/19,Brooklyn,8,Individuals,,64,528,87,,,488
12/31/19,Brooklyn,9,Individuals,,,349,,,,447
12/31/19,Brooklyn,10,Individuals,,,,,,,
12/31/19,Brooklyn,11,Individuals,,,,,,,
12/31/19,Brooklyn,12,Individuals,,,114,,,,133
12/31/19,Brooklyn,13,Individuals,,,,,,132,
12/31/19,Brooklyn,14,Individuals,,,,,,,92
12/31/19,Brooklyn,15,Individuals,,,,,,,203
12/31/19,Brooklyn,16,Individuals,,,634,103,,405,2565
12/31/19,Brooklyn,17,Individuals,,,,129,,,695
12/31/19,Brooklyn,18,Individuals,,365,,,,,835
12/31/19,Manhattan,1,Individuals,,,,,,141,
12/31/19,Manhattan,2,Individuals,,,,,,,
12/31/19,Manhattan,3,Individuals,,,709,240,33,145,351
12/31/19,Manhattan,4,Individuals,,67,382,,,606,
12/31/19,Manhattan,5,Individuals,,319,,,,2095,351
12/31/19,Manhattan,6,Individuals,,,933,,,,
12/31/19,Manhattan,7,Individuals,,212,300,,,,598
12/31/19,Manhattan,8,Individuals,,,79,,,,
12/31/19,Manhattan,9,Individuals,,,,,33,,752
12/31/19,Manhattan,10,Individuals,,407,549,,29,,852
12/31/19,Manhattan,11,Individuals,,,1314,,165,,628
12/31/19,Manhattan,12,Individuals,,,383,,,129,
12/31/19,Queens,1,Individuals,,,199,,,245,379
12/31/19,Queens,2,Individuals,,312,,,,597,233
12/31/19,Queens,3,Individuals,,,,91,,,870
12/31/19,Queens,4,Individuals,,,,163,,94,506
12/31/19,Queens,5,Individuals,,,,,,,
12/31/19,Queens,6,Individuals,,,,,,,
12/31/19,Queens,7,Individuals,,,258,,,144,
12/31/19,Queens,8,Individuals,,,,,,,309
12/31/19,Queens,9,Individuals,,,113,,,,
12/31/19,Queens,10,Individuals,318,,170,54,,426,
12/31/19,Queens,11,Individuals,,,,,,,
12/31/19,Queens,12,Individuals,,279,341,1065,,399,1183
12/31/19,Queens,13,Individuals,,,,546,,219,842
12/31/19,Queens,14,Individuals,,306,,,,200,167
12/31/19,Staten Island,1,Individuals,,,,,,,129
12/31/19,Staten Island,2,Individuals,,,,,,,
12/31/19,Staten Island,3,Individuals,,,,,,,
1/31/20,Bronx,1,Individuals,,185,223,,153,75,1258
1/31/20,Bronx,2,Individuals,,189,,,226,,843
1/31/20,Bronx,3,Individuals,,316,579,,144,298,1509
1/31/20,Bronx,4,Individuals,,,426,,1086,,1983
1/31/20,Bronx,5,Individuals,,248,491,,911,,1174
1/31/20,Bronx,6,Individuals,,96,112,91,330,,2249
1/31/20,Bronx,7,Individuals,,113,627,,274,,307
1/31/20,Bronx,8,Individuals,,,,,,,249
1/31/20,Bronx,9,Individuals,,,101,,467,,179
1/31/20,Bronx,10,Individuals,,,,,,,571
1/31/20,Bronx,11,Individuals,,,,,,,
1/31/20,Bronx,12,Individuals,,,108,,,,279
1/31/20,Brooklyn,1,Individuals,,166,738,,,93,
1/31/20,Brooklyn,2,Individuals,,170,375,,,,70
1/31/20,Brooklyn,3,Individuals,,,546,,226,201,598
1/31/20,Brooklyn,4,Individuals,,,400,61,63,173,833
1/31/20,Brooklyn,5,Individuals,,,925,254,,264,821
1/31/20,Brooklyn,6,Individuals,,,97,429,,,
1/31/20,Brooklyn,7,Individuals,,,182,146,,605,
1/31/20,Brooklyn,8,Individuals,,64,577,88,,,500
1/31/20,Brooklyn,9,Individuals,,,361,,,,442
1/31/20,Brooklyn,10,Individuals,,,,,,,
1/31/20,Brooklyn,11,Individuals,,,,,,,
1/31/20,Brooklyn,12,Individuals,,,125,,,,131
1/31/20,Brooklyn,13,Individuals,,,,,,127,
1/31/20,Brooklyn,14,Individuals,,,,,,,92
1/31/20,Brooklyn,15,Individuals,,,,,,,207
1/31/20,Brooklyn,16,Individuals,,,647,129,,392,2522
1/31/20,Brooklyn,17,Individuals,,,,134,,,680
1/31/20,Brooklyn,18,Individuals,,361,,,,,828
1/31/20,Manhattan,1,Individuals,,,,,,140,
1/31/20,Manhattan,2,Individuals,,,,,,,
1/31/20,Manhattan,3,Individuals,,,755,236,28,152,353
1/31/20,Manhattan,4,Individuals,,62,380,,,605,
1/31/20,Manhattan,5,Individuals,,320,,,,2086,339
1/31/20,Manhattan,6,Individuals,,,951,,,,
1/31/20,Manhattan,7,Individuals,,204,312,,,,607
1/31/20,Manhattan,8,Individuals,,,79,,,,
1/31/20,Manhattan,9,Individuals,,,,,57,,729
1/31/20,Manhattan,10,Individuals,,400,565,,36,,829
1/31/20,Manhattan,11,Individuals,,,1365,,245,,665
1/31/20,Manhattan,12,Individuals,,,432,,,119,
1/31/20,Queens,1,Individuals,,,197,,,243,365
1/31/20,Queens,2,Individuals,,320,,,,581,237
1/31/20,Queens,3,Individuals,,,,88,,,805
1/31/20,Queens,4,Individuals,,,,161,,109,498
1/31/20,Queens,5,Individuals,,,,,,,
1/31/20,Queens,6,Individuals,,,,,,,
1/31/20,Queens,7,Individuals,,,300,,,146,
1/31/20,Queens,8,Individuals,,,,,,,316
1/31/20,Queens,9,Individuals,,,110,,,,
1/31/20,Queens,10,Individuals,308,,171,54,,436,
1/31/20,Queens,11,Individuals,,,,,,,
1/31/20,Queens,12,Individuals,,287,328,1068,,392,1180
1/31/20,Queens,13,Individuals,,,,554,,240,848
1/31/20,Queens,14,Individuals,,308,,,,184,167
1/31/20,Staten Island,1,Individuals,,,,,,,129
1/31/20,Staten Island,2,Individuals,,,,,,,
1/31/20,Staten Island,3,Individuals,,,,,,,
2/29/20,Bronx,1,Individuals,,187,222,,29,79,1258
2/29/20,Bronx,2,Individuals,,182,,,222,,821
2/29/20,Bronx,3,Individuals,,327,565,,86,279,1555
2/29/20,Bronx,4,Individuals,,,432,,1073,,2042
2/29/20,Bronx,5,Individuals,,236,496,,863,,1158
2/29/20,Bronx,6,Individuals,,68,107,92,246,,2212
2/29/20,Bronx,7,Individuals,,113,625,,261,,299
2/29/20,Bronx,8,Individuals,,,,,,,247
2/29/20,Bronx,9,Individuals,,,100,,489,,173
2/29/20,Bronx,10,Individuals,,,,,,,593
2/29/20,Bronx,11,Individuals,,,,,,,
2/29/20,Bronx,12,Individuals,,,107,,,,301
2/29/20,Brooklyn,1,Individuals,,150,732,,,93,
2/29/20,Brooklyn,2,Individuals,,171,373,,,,74
2/29/20,Brooklyn,3,Individuals,,,563,,217,192,597
2/29/20,Brooklyn,4,Individuals,,,390,60,65,147,855
2/29/20,Brooklyn,5,Individuals,,,922,246,,253,782
2/29/20,Brooklyn,6,Individuals,,,98,427,,,
2/29/20,Brooklyn,7,Individuals,,,183,157,,579,
2/29/20,Brooklyn,8,Individuals,,68,582,80,,,493
2/29/20,Brooklyn,9,Individuals,,,362,,,,446
2/29/20,Brooklyn,10,Individuals,,,,,,,
2/29/20,Brooklyn,11,Individuals,,,,,,,
2/29/20,Brooklyn,12,Individuals,,,122,,,,127
2/29/20,Brooklyn,13,Individuals,,,,,,121,
2/29/20,Brooklyn,14,Individuals,,,,,,,92
2/29/20,Brooklyn,15,Individuals,,,,,,,209
2/29/20,Brooklyn,16,Individuals,,,657,182,,352,2542
2/29/20,Brooklyn,17,Individuals,,,,136,,,706
2/29/20,Brooklyn,18,Individuals,,362,,,,,841
2/29/20,Manhattan,1,Individuals,,,,,,123,
2/29/20,Manhattan,2,Individuals,,,,,,,
2/29/20,Manhattan,3,Individuals,,,754,243,33,145,347
2/29/20,Manhattan,4,Individuals,,56,385,,,629,
2/29/20,Manhattan,5,Individuals,,326,,,,1919,343
2/29/20,Manhattan,6,Individuals,,,955,,,,
2/29/20,Manhattan,7,Individuals,,204,310,,,,601
2/29/20,Manhattan,8,Individuals,,,80,,,,
2/29/20,Manhattan,9,Individuals,,,,,,,748
2/29/20,Manhattan,10,Individuals,,398,564,,,,839
2/29/20,Manhattan,11,Individuals,,,1360,,,,657
2/29/20,Manhattan,12,Individuals,,,458,,,115,
2/29/20,Queens,1,Individuals,,,199,,,230,377
2/29/20,Queens,2,Individuals,,316,,,,493,215
2/29/20,Queens,3,Individuals,,,,90,,,815
2/29/20,Queens,4,Individuals,,,,158,,84,519
2/29/20,Queens,5,Individuals,,,23,,,,
2/29/20,Queens,6,Individuals,,,,,,,
2/29/20,Queens,7,Individuals,,,297,,,147,
2/29/20,Queens,8,Individuals,,,,,,,321
2/29/20,Queens,9,Individuals,,,112,,,,
2/29/20,Queens,10,Individuals,311,,170,50,,370,
2/29/20,Queens,11,Individuals,,,,,,,
2/29/20,Queens,12,Individuals,,281,335,1070,,318,1235
2/29/20,Queens,13,Individuals,,,,557,,213,822
2/29/20,Queens,14,Individuals,,323,8,,,178,169
2/29/20,Staten Island,1,Individuals,,,,,,,131
2/29/20,Staten Island,2,Individuals,,,,,,,
2/29/20,Staten Island,3,Individuals,,,,,,,
3/31/20,Bronx,1,Individuals,,179,223,,33,76,1268
3/31/20,Bronx,2,Individuals,,185,,,164,,791
3/31/20,Bronx,3,Individuals,,332,552,,77,276,1532
3/31/20,Bronx,4,Individuals,,,437,,993,,2138
3/31/20,Bronx,5,Individuals,,243,491,,792,,1145
3/31/20,Bronx,6,Individuals,,99,97,93,239,,2198
3/31/20,Bronx,7,Individuals,,106,623,,246,,302
3/31/20,Bronx,8,Individuals,,,,,,,247
3/31/20,Bronx,9,Individuals,,,96,,507,,198
3/31/20,Bronx,10,Individuals,,,,,,,621
3/31/20,Bronx,11,Individuals,,,,,,,
3/31/20,Bronx,12,Individuals,,,108,,,,275
3/31/20,Brooklyn,1,Individuals,,160,730,,,98,
3/31/20,Brooklyn,2,Individuals,,206,371,,,,66
3/31/20,Brooklyn,3,Individuals,,,566,,231,194,562
3/31/20,Brooklyn,4,Individuals,,,403,59,71,133,841
3/31/20,Brooklyn,5,Individuals,,,887,252,,257,646
3/31/20,Brooklyn,6,Individuals,,10,94,423,,,
3/31/20,Brooklyn,7,Individuals,,,189,206,,501,
3/31/20,Brooklyn,8,Individuals,,62,568,88,,,503
3/31/20,Brooklyn,9,Individuals,,,361,,,,443
3/31/20,Brooklyn,10,Individuals,,,,,,,
3/31/20,Brooklyn,11,Individuals,,,,,,,
3/31/20,Brooklyn,12,Individuals,,,128,,,,123
3/31/20,Brooklyn,13,Individuals,,,,,,118,
3/31/20,Brooklyn,14,Individuals,,,,,,,93
3/31/20,Brooklyn,15,Individuals,,,,,,,195
3/31/20,Brooklyn,16,Individuals,,,657,192,,339,2555
3/31/20,Brooklyn,17,Individuals,,,,136,,,693
3/31/20,Brooklyn,18,Individuals,,367,,,,,826
3/31/20,Manhattan,1,Individuals,,,,73,,124,
3/31/20,Manhattan,2,Individuals,,,,,,,
3/31/20,Manhattan,3,Individuals,,,761,227,26,147,358
3/31/20,Manhattan,4,Individuals,,2,381,17,,610,
3/31/20,Manhattan,5,Individuals,,331,,,,1876,338
3/31/20,Manhattan,6,Individuals,,,944,,,,
3/31/20,Manhattan,7,Individuals,,198,312,,,,600
3/31/20,Manhattan,8,Individuals,,,77,,,,
3/31/20,Manhattan,9,Individuals,,,,,,,756
3/31/20,Manhattan,10,Individuals,,380,562,,,,846
3/31/20,Manhattan,11,Individuals,,,1366,,,,644
3/31/20,Manhattan,12,Individuals,,,461,,,122,
3/31/20,Queens,1,Individuals,,,199,,,200,377
3/31/20,Queens,2,Individuals,,295,,,,484,228
3/31/20,Queens,3,Individuals,,,,92,,,854
3/31/20,Queens,4,Individuals,,,,161,,92,532
3/31/20,Queens,5,Individuals,,,70,,,,
3/31/20,Queens,6,Individuals,,,,,,,
3/31/20,Queens,7,Individuals,,,300,,,133,
3/31/20,Queens,8,Individuals,,,,,,,330
3/31/20,Queens,9,Individuals,,,113,,,,
3/31/20,Queens,10,Individuals,333,,165,52,,329,
3/31/20,Queens,11,Individuals,,,,,,,
3/31/20,Queens,12,Individuals,,278,345,1129,,164,1344
3/31/20,Queens,13,Individuals,,,,557,,197,815
3/31/20,Queens,14,Individuals,,309,27,,,179,160
3/31/20,Staten Island,1,Individuals,,,,,,,131
3/31/20,Staten Island,2,Individuals,,,,,,,
3/31/20,Staten Island,3,Individuals,,,,,,,
4/30/20,Bronx,1,Individuals,,187,213,,33,83,1242
4/30/20,Bronx,2,Individuals,,174,,,199,,779
4/30/20,Bronx,3,Individuals,,318,362,,79,286,1483
4/30/20,Bronx,4,Individuals,,,428,99,1019,,2053
4/30/20,Bronx,5,Individuals,,233,382,,795,,1110
4/30/20,Bronx,6,Individuals,,85,110,92,244,,2176
4/30/20,Bronx,7,Individuals,,99,596,,242,,295
4/30/20,Bronx,8,Individuals,,,,,,,244
4/30/20,Bronx,9,Individuals,,,87,,513,,212
4/30/20,Bronx,10,Individuals,,,,,,,603
4/30/20,Bronx,11,Individuals,,,,,,,
4/30/20,Bronx,12,Individuals,,,104,,,,279
4/30/20,Brooklyn,1,Individuals,,157,590,116,,97,
4/30/20,Brooklyn,2,Individuals,,109,353,,,,65
4/30/20,Brooklyn,3,Individuals,,,556,,226,193,585
4/30/20,Brooklyn,4,Individuals,,,297,242,71,,836
4/30/20,Brooklyn,5,Individuals,,,699,250,,253,564
4/30/20,Brooklyn,6,Individuals,,60,94,420,,,
4/30/20,Brooklyn,7,Individuals,,,180,401,,375,
4/30/20,Brooklyn,8,Individuals,,66,395,89,,,489
4/30/20,Brooklyn,9,Individuals,,,332,,,,440
4/30/20,Brooklyn,10,Individuals,,,,,,,
4/30/20,Brooklyn,11,Individuals,,,,,,,
4/30/20,Brooklyn,12,Individuals,,,121,99,,,126
4/30/20,Brooklyn,13,Individuals,,,,,,116,
4/30/20,Brooklyn,14,Individuals,,,,,,,95
4/30/20,Brooklyn,15,Individuals,,,,,,,179
4/30/20,Brooklyn,16,Individuals,,,626,296,,255,2517
4/30/20,Brooklyn,17,Individuals,,,,132,,,695
4/30/20,Brooklyn,18,Individuals,,361,,,,,819
4/30/20,Manhattan,1,Individuals,,,,121,,126,
4/30/20,Manhattan,2,Individuals,,,,188,,,
4/30/20,Manhattan,3,Individuals,,,751,234,22,147,359
4/30/20,Manhattan,4,Individuals,,,181,99,,571,
4/30/20,Manhattan,5,Individuals,,308,,194,,1838,305
4/30/20,Manhattan,6,Individuals,,,626,198,,,
4/30/20,Manhattan,7,Individuals,,210,268,,,,568
4/30/20,Manhattan,8,Individuals,,,69,,,,
4/30/20,Manhattan,9,Individuals,,,,,,,734
4/30/20,Manhattan,10,Individuals,,356,552,,,,834
4/30/20,Manhattan,11,Individuals,,,1332,,,,650
4/30/20,Manhattan,12,Individuals,,,433,,,119,
4/30/20,Queens,1,Individuals,,,190,58,,191,367
4/30/20,Queens,2,Individuals,,296,,,,485,217
4/30/20,Queens,3,Individuals,,,,89,,,836
4/30/20,Queens,4,Individuals,,,,162,,93,508
4/30/20,Queens,5,Individuals,,,124,,,,
4/30/20,Queens,6,Individuals,,,,,,,
4/30/20,Queens,7,Individuals,,,277,,,137,
4/30/20,Queens,8,Individuals,,,,,,,318
4/30/20,Queens,9,Individuals,,,101,,,,
4/30/20,Queens,10,Individuals,337,,163,52,,337,
4/30/20,Queens,11,Individuals,,,,,,,
4/30/20,Queens,12,Individuals,,271,305,1131,,142,1349
4/30/20,Queens,13,Individuals,,,,556,,205,800
4/30/20,Queens,14,Individuals,,306,84,,,171,143
4/30/20,Staten Island,1,Individuals,,,,,,,107
4/30/20,Staten Island,2,Individuals,,,,,,,
4/30/20,Staten Island,3,Individuals,,,,,,,
5/31/20,Bronx,1,Individuals,,181,83,,30,72,1262
5/31/20,Bronx,2,Individuals,,162,,,218,,769
5/31/20,Bronx,3,Individuals,,250,357,,94,270,1454
5/31/20,Bronx,4,Individuals,,,309,89,1053,,2035
5/31/20,Bronx,5,Individuals,,218,9,,833,,1090
5/31/20,Bronx,6,Individuals,,70,58,70,213,,2132
5/31/20,Bronx,7,Individuals,,104,298,,248,,291
5/31/20,Bronx,8,Individuals,,,,,,,235
5/31/20,Bronx,9,Individuals,,,,,486,,249
5/31/20,Bronx,10,Individuals,,,,,,,611
5/31/20,Bronx,11,Individuals,,,,,,,
5/31/20,Bronx,12,Individuals,,,102,141,,,276
5/31/20,Brooklyn,1,Individuals,,158,461,227,,106,
5/31/20,Brooklyn,2,Individuals,,122,291,143,,,62
5/31/20,Brooklyn,3,Individuals,,,86,101,208,182,564
5/31/20,Brooklyn,4,Individuals,,,156,288,66,,838
5/31/20,Brooklyn,5,Individuals,,,434,358,,249,385
5/31/20,Brooklyn,6,Individuals,,105,51,422,,,
5/31/20,Brooklyn,7,Individuals,,,183,378,,343,
5/31/20,Brooklyn,8,Individuals,,,321,88,,,493
5/31/20,Brooklyn,9,Individuals,,,110,,,,431
5/31/20,Brooklyn,10,Individuals,,,,,,,
5/31/20,Brooklyn,11,Individuals,,,,,,,
5/31/20,Brooklyn,12,Individuals,,,,100,,,121
5/31/20,Brooklyn,13,Individuals,,,,,,119,
5/31/20,Brooklyn,14,Individuals,,,,,,,94
5/31/20,Brooklyn,15,Individuals,,,,,,,191
5/31/20,Brooklyn,16,Individuals,,,252,297,,250,2480
5/31/20,Brooklyn,17,Individuals,,,,136,,,697
5/31/20,Brooklyn,18,Individuals,,361,,,,,819
5/31/20,Manhattan,1,Individuals,,,,52,,116,
5/31/20,Manhattan,2,Individuals,,,,175,,,
5/31/20,Manhattan,3,Individuals,,,505,347,22,151,349
5/31/20,Manhattan,4,Individuals,,,66,987,,536,
5/31/20,Manhattan,5,Individuals,,297,,1318,,1778,311
5/31/20,Manhattan,6,Individuals,,,546,490,,,
5/31/20,Manhattan,7,Individuals,,208,226,429,,,566
5/31/20,Manhattan,8,Individuals,,,76,304,,,
5/31/20,Manhattan,9,Individuals,,,,,,,721
5/31/20,Manhattan,10,Individuals,,356,455,,,,820
5/31/20,Manhattan,11,Individuals,,,829,,,,621
5/31/20,Manhattan,12,Individuals,,,205,,,119,
5/31/20,Queens,1,Individuals,,,196,671,,190,386
5/31/20,Queens,2,Individuals,,303,,106,,501,209
5/31/20,Queens,3,Individuals,,,,283,,,778
5/31/20,Queens,4,Individuals,,,,163,,80,505
5/31/20,Queens,5,Individuals,,,182,,,,
5/31/20,Queens,6,Individuals,,,,,,,
5/31/20,Queens,7,Individuals,,,100,,,137,
5/31/20,Queens,8,Individuals,,,,,,,315
5/31/20,Queens,9,Individuals,,,,,,,
5/31/20,Queens,10,Individuals,380,,163,59,,358,
5/31/20,Queens,11,Individuals,,,,,,,
5/31/20,Queens,12,Individuals,,269,195,1332,,54,1326
5/31/20,Queens,13,Individuals,,,,554,,202,783
5/31/20,Queens,14,Individuals,,312,,,,190,157
5/31/20,Staten Island,1,Individuals,,,,,,,114
5/31/20,Staten Island,2,Individuals,,,,,,,
5/31/20,Staten Island,3,Individuals,,,,,,,
6/30/20,Bronx,1,Individuals,,181,47,,27,71,1233
6/30/20,Bronx,2,Individuals,,192,,,212,,789
6/30/20,Bronx,3,Individuals,,262,228,,83,275,1399
6/30/20,Bronx,4,Individuals,,,208,100,1047,,2087
6/30/20,Bronx,5,Individuals,,219,,,824,,1093
6/30/20,Bronx,6,Individuals,,96,52,71,202,,1994
6/30/20,Bronx,7,Individuals,,107,98,,244,,272
6/30/20,Bronx,8,Individuals,,,,,,,245
6/30/20,Bronx,9,Individuals,,,,,451,,349
6/30/20,Bronx,10,Individuals,,,,,,,589
6/30/20,Bronx,11,Individuals,,,,,,,
6/30/20,Bronx,12,Individuals,,,73,142,,,292
6/30/20,Brooklyn,1,Individuals,,172,442,211,,102,
6/30/20,Brooklyn,2,Individuals,,135,102,141,,,63
6/30/20,Brooklyn,3,Individuals,,,31,102,207,188,555
6/30/20,Brooklyn,4,Individuals,,,99,284,57,,836
6/30/20,Brooklyn,5,Individuals,,,468,388,,234,284
6/30/20,Brooklyn,6,Individuals,,113,50,427,,,59
6/30/20,Brooklyn,7,Individuals,,,179,457,,318,
6/30/20,Brooklyn,8,Individuals,,,238,86,,,468
6/30/20,Brooklyn,9,Individuals,,,112,,,,423
6/30/20,Brooklyn,10,Individuals,,,,,,,
6/30/20,Brooklyn,11,Individuals,,,,,,,
6/30/20,Brooklyn,12,Individuals,,,,93,,,117
6/30/20,Brooklyn,13,Individuals,,,,,,118,
6/30/20,Brooklyn,14,Individuals,,,,,,,89
6/30/20,Brooklyn,15,Individuals,,,,,,,186
6/30/20,Brooklyn,16,Individuals,,,232,259,,243,2467
6/30/20,Brooklyn,17,Individuals,,,,131,,,701
6/30/20,Brooklyn,18,Individuals,,364,,,,,826
6/30/20,Manhattan,1,Individuals,,,,182,,135,
6/30/20,Manhattan,2,Individuals,,,,195,,,
6/30/20,Manhattan,3,Individuals,,,243,540,22,147,325
6/30/20,Manhattan,4,Individuals,,,244,1384,,396,
6/30/20,Manhattan,5,Individuals,,321,,1800,,1788,326
6/30/20,Manhattan,6,Individuals,,,540,523,,,
6/30/20,Manhattan,7,Individuals,,214,142,447,,,563
6/30/20,Manhattan,8,Individuals,,,40,306,,,
6/30/20,Manhattan,9,Individuals,,,,,,,697
6/30/20,Manhattan,10,Individuals,,4,343,,,,790
6/30/20,Manhattan,11,Individuals,,,627,,,,595
6/30/20,Manhattan,12,Individuals,,,178,,,117,
6/30/20,Queens,1,Individuals,,,,979,,190,365
6/30/20,Queens,2,Individuals,,298,,113,,475,196
6/30/20,Queens,3,Individuals,,,,286,,,768
6/30/20,Queens,4,Individuals,,,,164,,100,503
6/30/20,Queens,5,Individuals,,,100,,,,
6/30/20,Queens,6,Individuals,,,,,,,
6/30/20,Queens,7,Individuals,,,192,,,121,
6/30/20,Queens,8,Individuals,,,,,,,317
6/30/20,Queens,9,Individuals,,,,,,,
6/30/20,Queens,10,Individuals,380,,56,96,,343,
6/30/20,Queens,11,Individuals,,,,,,,
6/30/20,Queens,12,Individuals,,279,164,1347,,,1358
6/30/20,Queens,13,Individuals,,,,559,,203,741
6/30/20,Queens,14,Individuals,,317,,189,,187,162
6/30/20,Staten Island,1,Individuals,,,,,,,120
6/30/20,Staten Island,2,Individuals,,,,,,,
6/30/20,Staten Island,3,Individuals,,,,,,,
7/31/20,Bronx,1,Individuals,,183,80,,32,68,1220
7/31/20,Bronx,2,Individuals,,188,0,,211,,717
7/31/20,Bronx,3,Individuals,,260,235,,85,277,1377
7/31/20,Bronx,4,Individuals,,,206,100,1040,,2049
7/31/20,Bronx,5,Individuals,,213,0,,838,,1054
7/31/20,Bronx,6,Individuals,,86,47,71,203,,1976
7/31/20,Bronx,7,Individuals,,101,100,,247,,273
7/31/20,Bronx,8,Individuals,,,,,,,249
7/31/20,Bronx,9,Individuals,,,0,,232,,660
7/31/20,Bronx,10,Individuals,,,,,,,594
7/31/20,Bronx,11,Individuals,,,,,,,
7/31/20,Bronx,12,Individuals,,,73,140,,,280
7/31/20,Brooklyn,1,Individuals,,154,318,218,,97,
7/31/20,Brooklyn,2,Individuals,,116,103,200,,,64
7/31/20,Brooklyn,3,Individuals,,,31,101,198,188,460
7/31/20,Brooklyn,4,Individuals,,,92,285,53,,809
7/31/20,Brooklyn,5,Individuals,,,437,378,,206,270
7/31/20,Brooklyn,6,Individuals,,113,52,427,,,155
7/31/20,Brooklyn,7,Individuals,,,184,468,,245,
7/31/20,Brooklyn,8,Individuals,,,211,88,,,449
7/31/20,Brooklyn,9,Individuals,,,112,,,,420
7/31/20,Brooklyn,10,Individuals,,,,,,,
7/31/20,Brooklyn,11,Individuals,,,,,,,
7/31/20,Brooklyn,12,Individuals,,,,99,,,132
7/31/20,Brooklyn,13,Individuals,,,,,,116,
7/31/20,Brooklyn,14,Individuals,,,,,,,89
7/31/20,Brooklyn,15,Individuals,,,,,,,199
7/31/20,Brooklyn,16,Individuals,,,282,248,,248,2397
7/31/20,Brooklyn,17,Individuals,,,,136,,,669
7/31/20,Brooklyn,18,Individuals,,360,,,,,792
7/31/20,Manhattan,1,Individuals,,,,165,,126,
7/31/20,Manhattan,2,Individuals,,,,192,,,
7/31/20,Manhattan,3,Individuals,,,195,541,15,177,328
7/31/20,Manhattan,4,Individuals,,,,1456,,430,
7/31/20,Manhattan,5,Individuals,,299,,1804,,1748,325
7/31/20,Manhattan,6,Individuals,,,510,516,,,
7/31/20,Manhattan,7,Individuals,,204,137,661,,,585
7/31/20,Manhattan,8,Individuals,,,39,306,,,
7/31/20,Manhattan,9,Individuals,,,,,,,669
7/31/20,Manhattan,10,Individuals,,,256,,,,805
7/31/20,Manhattan,11,Individuals,,,709,,,,582
7/31/20,Manhattan,12,Individuals,,,212,,,109,
7/31/20,Queens,1,Individuals,,,,1016,,185,372
7/31/20,Queens,2,Individuals,,285,,109,,442,206
7/31/20,Queens,3,Individuals,,,50,238,,,763
7/31/20,Queens,4,Individuals,,,,165,,88,501
7/31/20,Queens,5,Individuals,,,90,,,,
7/31/20,Queens,6,Individuals,,,,,,,
7/31/20,Queens,7,Individuals,,,101,198,,129,
7/31/20,Queens,8,Individuals,,,,,,,320
7/31/20,Queens,9,Individuals,,,,,,,
7/31/20,Queens,10,Individuals,369,,160,51,,319,
7/31/20,Queens,11,Individuals,,,,,,,
7/31/20,Queens,12,Individuals,,260,154,1234,,,1376
7/31/20,Queens,13,Individuals,,,,556,,192,735
7/31/20,Queens,14,Individuals,,305,,191,,177,158
7/31/20,Staten Island,1,Individuals,,,,,,,100
7/31/20,Staten Island,2,Individuals,,,,,,,
7/31/20,Staten Island,3,Individuals,,,,,,,
8/31/20,Bronx,1,Individuals,,190,83,,33,68,1224
8/31/20,Bronx,2,Individuals,,170,,,207,,741
8/31/20,Bronx,3,Individuals,,269,221,66,81,127,1372
8/31/20,Bronx,4,Individuals,,,208,100,962,,2064
8/31/20,Bronx,5,Individuals,,213,,,795,,1066
8/31/20,Bronx,6,Individuals,,72,44,71,200,,1951
8/31/20,Bronx,7,Individuals,,105,93,,252,,271
8/31/20,Bronx,8,Individuals,,,,,,,237
8/31/20,Bronx,9,Individuals,,,,,231,,667
8/31/20,Bronx,10,Individuals,,,,,,,590
8/31/20,Bronx,11,Individuals,,,,,,,
8/31/20,Bronx,12,Individuals,,,71,141,,,283
8/31/20,Brooklyn,1,Individuals,,159,329,222,,97,
8/31/20,Brooklyn,2,Individuals,,76,104,297,,,70
8/31/20,Brooklyn,3,Individuals,,,31,103,128,206,468
8/31/20,Brooklyn,4,Individuals,,,99,285,61,,785
8/31/20,Brooklyn,5,Individuals,,,440,382,,92,281
8/31/20,Brooklyn,6,Individuals,,110,51,429,,,183
8/31/20,Brooklyn,7,Individuals,,,188,455,,122,
8/31/20,Brooklyn,8,Individuals,,,222,90,,,439
8/31/20,Brooklyn,9,Individuals,,,112,,,,432
8/31/20,Brooklyn,10,Individuals,,,,,,,
8/31/20,Brooklyn,11,Individuals,,,,,,,
8/31/20,Brooklyn,12,Individuals,,,0,102,,,136
8/31/20,Brooklyn,13,Individuals,,,,,,120,
8/31/20,Brooklyn,14,Individuals,,,,,,,93
8/31/20,Brooklyn,15,Individuals,,,,,,,200
8/31/20,Brooklyn,16,Individuals,,,282,256,,261,2408
8/31/20,Brooklyn,17,Individuals,,,,136,,,645
8/31/20,Brooklyn,18,Individuals,,356,,,,,803
8/31/20,Manhattan,1,Individuals,,,,245,,116,
8/31/20,Manhattan,2,Individuals,,,,196,,,
8/31/20,Manhattan,3,Individuals,,,147,540,20,195,323
8/31/20,Manhattan,4,Individuals,,,0,1340,,487,
8/31/20,Manhattan,5,Individuals,,307,,1786,,1753,331
8/31/20,Manhattan,6,Individuals,,,521,526,,,
8/31/20,Manhattan,7,Individuals,,204,134,688,,,570
8/31/20,Manhattan,8,Individuals,,,38,305,,,
8/31/20,Manhattan,9,Individuals,,,,,,,649
8/31/20,Manhattan,10,Individuals,,,290,,,,774
8/31/20,Manhattan,11,Individuals,,,745,,,,588
8/31/20,Manhattan,12,Individuals,,,224,,,115,
8/31/20,Queens,1,Individuals,,,,1013,,206,355
8/31/20,Queens,2,Individuals,,277,,109,,447,220
8/31/20,Queens,3,Individuals,,,169,198,,,701
8/31/20,Queens,4,Individuals,,,,166,,92,507
8/31/20,Queens,5,Individuals,,,99,,,,
8/31/20,Queens,6,Individuals,,,,,,,
8/31/20,Queens,7,Individuals,,,101,199,,120,
8/31/20,Queens,8,Individuals,,,,,,,315
8/31/20,Queens,9,Individuals,,,0,,,,
8/31/20,Queens,10,Individuals,355,,167,55,,321,
8/31/20,Queens,11,Individuals,,,,,,,
8/31/20,Queens,12,Individuals,,256,151,1093,,,1319
8/31/20,Queens,13,Individuals,,,,606,,194,797
8/31/20,Queens,14,Individuals,,287,0,195,,169,168
8/31/20,Staten Island,1,Individuals,,,,,,,101
8/31/20,Staten Island,2,Individuals,,,,,,,
8/31/20,Staten Island,3,Individuals,,,,,,,